{
  "ctu13_scenario8_z-3.0": {
    "precision": 0.0022508038585209,
    "recall": 1.0,
    "f1": 0.004491498235482836,
    "dataset": "Murlo IRC   (OOD)"
  },
  "ctu13_scenario8_z-5.0": {
    "precision": 0.0021598272138228943,
    "recall": 1.0,
    "f1": 0.004310344827586207,
    "dataset": "Murlo IRC   (OOD)"
  },
  "ctu13_scenario8_z-7.0": {
    "precision": 0.002066115702479339,
    "recall": 1.0,
    "f1": 0.004123711340206186,
    "dataset": "Murlo IRC   (OOD)"
  },
  "unsw_nb15_train_z-3.0": {
    "precision": 0.3129541468303683,
    "recall": 1.0,
    "f1": 0.4767175572519084,
    "dataset": "UNSW-NB15   (OOD)"
  },
  "unsw_nb15_train_z-5.0": {
    "precision": 0.30862367185569556,
    "recall": 1.0,
    "f1": 0.4716767371601209,
    "dataset": "UNSW-NB15   (OOD)"
  },
  "unsw_nb15_train_z-7.0": {
    "precision": 0.30337624483847464,
    "recall": 1.0,
    "f1": 0.4655236675363399,
    "dataset": "UNSW-NB15   (OOD)"
  }
}