{
  "ctu13_scenario8_z-3.0": {
    "precision": 0.002285341168788769,
    "recall": 1.0,
    "f1": 0.004560260586319218,
    "dataset": "Murlo IRC   (OOD)"
  },
  "ctu13_scenario8_z-5.0": {
    "precision": 0.0021718895439031957,
    "recall": 1.0,
    "f1": 0.0043343653250774,
    "dataset": "Murlo IRC   (OOD)"
  },
  "ctu13_scenario8_z-7.0": {
    "precision": 0.0020777678836449986,
    "recall": 1.0,
    "f1": 0.004146919431279621,
    "dataset": "Murlo IRC   (OOD)"
  },
  "unsw_nb15_train_z-3.0": {
    "precision": 0.31206206206206205,
    "recall": 1.0,
    "f1": 0.4756818615296586,
    "dataset": "UNSW-NB15   (OOD)"
  },
  "unsw_nb15_train_z-5.0": {
    "precision": 0.3069916297390448,
    "recall": 1.0,
    "f1": 0.4697683179506498,
    "dataset": "UNSW-NB15   (OOD)"
  },
  "unsw_nb15_train_z-7.0": {
    "precision": 0.3020101719544684,
    "recall": 1.0,
    "f1": 0.46391369047619047,
    "dataset": "UNSW-NB15   (OOD)"
  }
}