{
  "ctu13_scenario8_z-3.0": {
    "precision": 0.0022935779816513763,
    "recall": 1.0,
    "f1": 0.004576659038901602,
    "dataset": "Murlo IRC   (OOD)"
  },
  "ctu13_scenario8_z-5.0": {
    "precision": 0.002184769038701623,
    "recall": 1.0,
    "f1": 0.004360012457178449,
    "dataset": "Murlo IRC   (OOD)"
  },
  "ctu13_scenario8_z-7.0": {
    "precision": 0.0020983213429256594,
    "recall": 1.0,
    "f1": 0.004187855219862399,
    "dataset": "Murlo IRC   (OOD)"
  },
  "unsw_nb15_train_z-3.0": {
    "precision": 0.3187061183550652,
    "recall": 1.0,
    "f1": 0.4833618558661342,
    "dataset": "UNSW-NB15   (OOD)"
  },
  "unsw_nb15_train_z-5.0": {
    "precision": 0.3120549963172109,
    "recall": 1.0,
    "f1": 0.47567365269461076,
    "dataset": "UNSW-NB15   (OOD)"
  },
  "unsw_nb15_train_z-7.0": {
    "precision": 0.3067825247405262,
    "recall": 1.0,
    "f1": 0.4695234577022534,
    "dataset": "UNSW-NB15   (OOD)"
  }
}